id,first_name,last_name,email
1,Petronia,McDell,pmcdell0@livejournal.com
2,Arielle,Fahy,afahy1@google.fr
3,Nicki,Bockings,nbockings2@themeforest.net
4,Nalani,Mapp,nmapp3@plala.or.jp
5,Cassaundra,Duckitt,cduckitt4@mashable.com
6,Truda,Hammerich,thammerich5@adobe.com
7,Boyce,Bougourd,bbougourd6@dailymotion.com
8,Curt,Kensett,ckensett7@craigslist.org
9,Neila,Bridgement,nbridgement8@discuz.net
10,Aubert,Tumioto,atumioto9@abc.net.au
11,Hamlin,Olliff,holliffa@newyorker.com
12,Lazarus,Eustice,leusticeb@comsenz.com
13,Hewe,Biner,hbinerc@apple.com
14,Angie,Richardson,arichardsond@microsoft.com
15,Colin,Wontner,cwontnere@businessinsider.com
16,Laure,Wilhelmy,lwilhelmyf@nih.gov
17,Kyle,Shurey,kshureyg@wikia.com
18,Mirabel,Margaritelli,mmargaritellih@nsw.gov.au
19,Briny,Castelli,bcastellii@soundcloud.com
20,Ulla,Diggles,udigglesj@auda.org.au
21,Rowena,Bilbery,rbilberyk@about.me
22,Adelle,Gamblin,agamblinl@bbb.org
23,Alberto,Dorken,adorkenm@woothemes.com
24,Wilbert,Welfare,wwelfaren@infoseek.co.jp
25,Mable,Estevez,mestevezo@wp.com
26,My,Chatin,mchatinp@myspace.com
27,Bonnee,Durtnell,bdurtnellq@de.vu
28,Babbie,Shilstone,bshilstoner@archive.org
29,Kiah,McLoughlin,kmcloughlins@webeden.co.uk
30,Maury,Imason,mimasont@un.org
31,Naomi,Gorhardt,ngorhardtu@acquirethisname.com
32,Elias,Buddell,ebuddellv@booking.com
33,Elysha,Ganley,eganleyw@gov.uk
34,Darlene,McCardle,dmccardlex@friendfeed.com
35,Wren,Seavers,wseaversy@timesonline.co.uk
36,Sadye,Petracco,spetraccoz@google.co.uk
37,Jareb,Leynagh,jleynagh10@alibaba.com
38,Cole,Gulliford,cgulliford11@redcross.org
39,Gavin,Woolgar,gwoolgar12@fastcompany.com
40,Devy,Kenneford,dkenneford13@princeton.edu
41,Pamela,Bosnell,pbosnell14@github.io
42,Jada,Espada,jespada15@yellowbook.com
43,Terza,Duckfield,tduckfield16@ycombinator.com
44,Marje,Grumble,mgrumble17@yellowbook.com
45,Yasmin,Szymon,yszymon18@com.com
46,Janith,Deighan,jdeighan19@furl.net
47,Arley,Britnell,abritnell1a@wisc.edu
48,Davida,Oppy,doppy1b@technorati.com
49,Jacky,Standell,jstandell1c@rakuten.co.jp
50,Malachi,O' Finan,mofinan1d@jalbum.net
51,Orelie,Beynon,obeynon1e@utexas.edu
52,Jackson,Valencia,jvalencia1f@nymag.com
53,Edd,Vlasyev,evlasyev1g@soup.io
54,Jacenta,Ferretti,jferretti1h@apache.org
55,Zaria,Splevin,zsplevin1i@harvard.edu
56,Giraud,Welbourn,gwelbourn1j@opensource.org
57,Mathe,Sandars,msandars1k@jigsy.com
58,Otis,Heiton,oheiton1l@rediff.com
59,Ringo,Lelande,rlelande1m@alexa.com
60,Odo,Ixer,oixer1n@squarespace.com
61,Doralyn,St Angel,dstangel1o@g.co
62,Kristan,Muff,kmuff1p@elegantthemes.com
63,Sibel,Edkins,sedkins1q@trellian.com
64,Maddie,Routledge,mroutledge1r@plala.or.jp
65,Angelo,Jakes,ajakes1s@mtv.com
66,Poul,Attenborough,pattenborough1t@dropbox.com
67,Catha,Schultz,cschultz1u@accuweather.com
68,Elysha,Naul,enaul1v@youku.com
69,Alicia,Curner,acurner1w@google.es
70,Federico,Delatour,fdelatour1x@flavors.me
71,Ted,Seedhouse,tseedhouse1y@blogtalkradio.com
72,Karmen,Jirasek,kjirasek1z@canalblog.com
73,Lucy,Kilroy,lkilroy20@bbc.co.uk
74,Karole,Vassbender,kvassbender21@wikipedia.org
75,Lion,D'Souza,ldsouza22@alexa.com
76,Izabel,Willerstone,iwillerstone23@reference.com
77,Derwin,Wilford,dwilford24@e-recht24.de
78,Nobie,Gilbertson,ngilbertson25@goo.gl
79,Tallulah,Bailey,tbailey26@blogs.com
80,Minetta,Ivanyutin,mivanyutin27@auda.org.au
81,Sammy,Dobel,sdobel28@slashdot.org
82,Candie,Simmonett,csimmonett29@reverbnation.com
83,Curtis,Voisey,cvoisey2a@auda.org.au
84,Dahlia,Grassett,dgrassett2b@mediafire.com
85,Freddie,Ulyatt,fulyatt2c@google.com
86,Nicola,Vlasyev,nvlasyev2d@mtv.com
87,Morgana,Croley,mcroley2e@tmall.com
88,Wynne,Domone,wdomone2f@amazon.de
89,Ignazio,Carreck,icarreck2g@comsenz.com
90,Wenona,Coldman,wcoldman2h@ed.gov
91,Glory,Bleakman,gbleakman2i@va.gov
92,Jeri,Tennock,jtennock2j@apache.org
93,Jermaine,Camilletti,jcamilletti2k@bbc.co.uk
94,Lucie,Hanhard,lhanhard2l@fotki.com
95,Nonnah,Erdis,nerdis2m@flickr.com
96,Laurianne,Ewart,lewart2n@archive.org
97,Kevin,Tomasello,ktomasello2o@flickr.com
98,Chloris,Wraight,cwraight2p@tinypic.com
99,Olivie,Wanne,owanne2q@wordpress.com
100,Adria,Beaushaw,abeaushaw2r@dyndns.org
101,Bord,Gaukrodge,bgaukrodge2s@hubpages.com
102,Calida,Blethyn,cblethyn2t@issuu.com
103,Laurene,Decroix,ldecroix2u@naver.com
104,Karyl,Danielsson,kdanielsson2v@google.cn
105,Walton,Treadgall,wtreadgall2w@amazon.co.jp
106,Eddie,Bryett,ebryett2x@cnbc.com
107,Osbourne,Kienl,okienl2y@nbcnews.com
108,Jacklin,Delacourt,jdelacourt2z@tiny.cc
109,Cindelyn,Kleinsmuntz,ckleinsmuntz30@nymag.com
110,Nisse,Gittoes,ngittoes31@eepurl.com
111,Yetta,Toffanini,ytoffanini32@blog.com
112,Kit,Stollberger,kstollberger33@myspace.com
113,Royall,Brea,rbrea34@wordpress.com
114,Eve,Creenan,ecreenan35@weather.com
115,Rana,Lote,rlote36@wordpress.org
116,Ileana,Maycock,imaycock37@nbcnews.com
117,Saundra,O'Doherty,sodoherty38@cnet.com
118,Matt,Plessing,mplessing39@cocolog-nifty.com
119,Hanan,Jarvis,hjarvis3a@independent.co.uk
120,Diane,de Zamora,ddezamora3b@gravatar.com
121,Bryn,Sherland,bsherland3c@nyu.edu
122,El,Dumper,edumper3d@plala.or.jp
123,Ferd,Maddie,fmaddie3e@livejournal.com
124,Antony,Lowman,alowman3f@microsoft.com
125,Stella,Rimell,srimell3g@woothemes.com
126,Collete,Seres,cseres3h@washington.edu
127,Jayme,Westoll,jwestoll3i@illinois.edu
128,Caesar,Burkett,cburkett3j@etsy.com
129,Mavra,Lukasen,mlukasen3k@mayoclinic.com
130,Quintana,Scherer,qscherer3l@about.me
131,Umberto,Bailess,ubailess3m@fda.gov
132,Lilllie,MacKissack,lmackissack3n@shutterfly.com
133,Collette,Folkerd,cfolkerd3o@huffingtonpost.com
134,Geneva,Blyden,gblyden3p@usa.gov
135,Jephthah,Sidery,jsidery3q@youtu.be
136,Junia,MacQueen,jmacqueen3r@sogou.com
137,Justis,Sedgman,jsedgman3s@bandcamp.com
138,Devy,Limmer,dlimmer3t@foxnews.com
139,Carole,Lerwell,clerwell3u@bigcartel.com
140,Merwyn,Baldazzi,mbaldazzi3v@sogou.com
141,Osborn,Verey,overey3w@craigslist.org
142,Larine,Dunridge,ldunridge3x@goodreads.com
143,Ettie,Southcott,esouthcott3y@sciencedaily.com
144,Tamiko,Bostick,tbostick3z@tiny.cc
145,Anitra,McIan,amcian40@msu.edu
146,Jamal,Pawlata,jpawlata41@amazon.co.jp
147,Jerrylee,O'Dare,jodare42@cdc.gov
148,Justino,Soonhouse,jsoonhouse43@columbia.edu
149,Gusta,Celli,gcelli44@theguardian.com
150,Halli,Domini,hdomini45@webeden.co.uk
151,Eleanor,Canton,ecanton46@a8.net
152,Rubie,McCaughren,rmccaughren47@tuttocitta.it
153,Olly,Elliff,oelliff48@jugem.jp
154,Sonnie,Yeeles,syeeles49@slate.com
155,Tiler,Deaville,tdeaville4a@wix.com
156,Irvine,Bettis,ibettis4b@sciencedaily.com
157,Callean,Ford,cford4c@posterous.com
158,Ursula,Shoulder,ushoulder4d@wp.com
159,Derron,Spencers,dspencers4e@about.me
160,Doroteya,Skelhorne,dskelhorne4f@cnbc.com
161,Park,Byer,pbyer4g@themeforest.net
162,Clayson,Corse,ccorse4h@patch.com
163,Cam,Casement,ccasement4i@delicious.com
164,Nye,O' Donohoe,nodonohoe4j@columbia.edu
165,Olympie,Taye,otaye4k@miitbeian.gov.cn
166,Everard,Menere,emenere4l@census.gov
167,Deirdre,Ricks,dricks4m@dion.ne.jp
168,Ursuline,Wyld,uwyld4n@sfgate.com
169,Melodee,Ceillier,mceillier4o@gnu.org
170,Loretta,Vanacci,lvanacci4p@samsung.com
171,Zacharie,Ferne,zferne4q@nature.com
172,Albie,Cordle,acordle4r@usatoday.com
173,Kelcey,Soan,ksoan4s@wsj.com
174,Ikey,Wardrop,iwardrop4t@cdbaby.com
175,Janette,Marrion,jmarrion4u@goo.ne.jp
176,Shae,Agronski,sagronski4v@addthis.com
177,Adrienne,Matyja,amatyja4w@instagram.com
178,Padraic,Farnham,pfarnham4x@ed.gov
179,Crystal,Lambdin,clambdin4y@google.cn
180,Jermayne,Condy,jcondy4z@jugem.jp
181,Elberta,Hindes,ehindes50@hc360.com
182,Hodge,Abley,habley51@mashable.com
183,Raf,Erskin,rerskin52@geocities.com
184,Pennie,Follis,pfollis53@ed.gov
185,Miller,Rolph,mrolph54@harvard.edu
186,Kassey,Povele,kpovele55@ca.gov
187,Odelle,Decourt,odecourt56@telegraph.co.uk
188,Benjy,Zamora,bzamora57@devhub.com
189,Drusilla,Painter,dpainter58@photobucket.com
190,Joey,Trevaskiss,jtrevaskiss59@si.edu
191,Mareah,Vanichev,mvanichev5a@bravesites.com
192,Maegan,Cape,mcape5b@nbcnews.com
193,Wake,Birdall,wbirdall5c@mail.ru
194,Claudine,Mulrean,cmulrean5d@toplist.cz
195,Vasilis,Schenkel,vschenkel5e@merriam-webster.com
196,Skippy,Frentz,sfrentz5f@cnet.com
197,Gayler,Dimmne,gdimmne5g@topsy.com
198,Avivah,Ellwell,aellwell5h@google.ru
199,Heddie,Gilhespy,hgilhespy5i@fda.gov
200,Leia,Culkin,lculkin5j@apple.com
201,Pablo,Barter,pbarter5k@umich.edu
202,Iseabal,Baudins,ibaudins5l@meetup.com
203,Elspeth,Matisse,ematisse5m@wikispaces.com
204,Whitman,Ben-Aharon,wbenaharon5n@addthis.com
205,Cora,Roback,croback5o@blogspot.com
206,Kaleb,Rossetti,krossetti5p@instagram.com
207,Reginauld,Landman,rlandman5q@smugmug.com
208,Bev,Greenshields,bgreenshields5r@usgs.gov
209,Sabra,Insoll,sinsoll5s@naver.com
210,Lulita,Coultar,lcoultar5t@webmd.com
211,Bob,Beek,bbeek5u@360.cn
212,Garrek,Wolfendale,gwolfendale5v@blogger.com
213,Blaine,Bizzey,bbizzey5w@forbes.com
214,Quill,Scoggins,qscoggins5x@blogs.com
215,Marylee,Balentyne,mbalentyne5y@gmpg.org
216,Zitella,Rude,zrude5z@ehow.com
217,Ermengarde,Hares,ehares60@simplemachines.org
218,Gideon,Klebes,gklebes61@360.cn
219,Ian,Kittow,ikittow62@com.com
220,Aloisia,Newarte,anewarte63@zimbio.com
221,Winfred,Maffey,wmaffey64@bloglines.com
222,Rosemonde,Keatch,rkeatch65@stumbleupon.com
223,Dallon,Coldrick,dcoldrick66@chron.com
224,Jolynn,Rowett,jrowett67@dailymotion.com
225,Jedd,Borland,jborland68@shareasale.com
226,Naomi,Sprake,nsprake69@prweb.com
227,Katuscha,Wordington,kwordington6a@samsung.com
228,Breena,Stitcher,bstitcher6b@cyberchimps.com
229,Arvin,Bonifant,abonifant6c@google.fr
230,Justin,Middup,jmiddup6d@artisteer.com
231,Kristyn,Tibbles,ktibbles6e@princeton.edu
232,Addison,Patullo,apatullo6f@etsy.com
233,Isidora,Shutler,ishutler6g@typepad.com
234,Dodie,Pomfret,dpomfret6h@pen.io
235,Enriqueta,Scantlebury,escantlebury6i@shop-pro.jp
236,Darcee,Noor,dnoor6j@t-online.de
237,Larry,Frane,lfrane6k@sitemeter.com
238,Dene,Jeffrey,djeffrey6l@bloomberg.com
239,Kayley,Carme,kcarme6m@google.com.au
240,Cyrillus,Brunger,cbrunger6n@mapquest.com
241,Beale,Powland,bpowland6o@japanpost.jp
242,Joell,Dicty,jdicty6p@goo.ne.jp
243,Jaquenette,Bawcock,jbawcock6q@is.gd
244,Arlina,Bratten,abratten6r@friendfeed.com
245,Adriano,Doick,adoick6s@vkontakte.ru
246,Graig,Iori,giori6t@comcast.net
247,Yvor,Kenna,ykenna6u@yahoo.com
248,Arin,Tink,atink6v@ucoz.com
249,Karlotte,Volcker,kvolcker6w@github.io
250,Tiffanie,Kiln,tkiln6x@sohu.com
251,Ginger,Burnel,gburnel6y@springer.com
252,Camala,Timeby,ctimeby6z@nydailynews.com
253,Fedora,Schulz,fschulz70@altervista.org
254,Andria,Prettyjohns,aprettyjohns71@admin.ch
255,Lonnie,Dummett,ldummett72@cnet.com
256,Erwin,Palfrie,epalfrie73@jalbum.net
257,Agata,Scolts,ascolts74@comsenz.com
258,Fawne,Storr,fstorr75@indiatimes.com
259,Bary,Belcher,bbelcher76@tuttocitta.it
260,Kimball,Kildale,kkildale77@amazonaws.com
261,Evelina,Boobier,eboobier78@1688.com
262,Clemmy,Beurich,cbeurich79@zdnet.com
263,Brion,Duding,bduding7a@com.com
264,Bobbe,Cluet,bcluet7b@addtoany.com
265,Dorice,Aspin,daspin7c@engadget.com
266,Tami,Lesper,tlesper7d@typepad.com
267,Enid,Keizman,ekeizman7e@networksolutions.com
268,Andie,Reeders,areeders7f@timesonline.co.uk
269,Niles,Metham,nmetham7g@github.io
270,Maxie,Boutellier,mboutellier7h@statcounter.com
271,Kit,Kohnemann,kkohnemann7i@arstechnica.com
272,Wenonah,Coppin,wcoppin7j@netlog.com
273,Tallou,Bogeys,tbogeys7k@etsy.com
274,Glyn,Pentercost,gpentercost7l@mayoclinic.com
275,Eugenius,Preedy,epreedy7m@utexas.edu
276,Aryn,Davidde,adavidde7n@washingtonpost.com
277,Dolorita,Taye,dtaye7o@bizjournals.com
278,Fabien,Crabbe,fcrabbe7p@sbwire.com
279,Donelle,Illidge,dillidge7q@foxnews.com
280,Klement,Langrish,klangrish7r@a8.net
281,Lamont,Issacov,lissacov7s@nyu.edu
282,Edythe,O'Hara,eohara7t@dailymail.co.uk
283,Siobhan,Stilgo,sstilgo7u@amazon.co.uk
284,Giffer,Da Costa,gdacosta7v@imageshack.us
285,Moina,Begbie,mbegbie7w@simplemachines.org
286,Samson,Deinhardt,sdeinhardt7x@wufoo.com
287,Griff,Fawbert,gfawbert7y@github.com
288,Merla,Scrafton,mscrafton7z@google.es
289,Erick,Adamiec,eadamiec80@amazon.co.jp
290,Clemens,Ericsson,cericsson81@desdev.cn
291,Billie,Chasen,bchasen82@istockphoto.com
292,Devi,Dufoure,ddufoure83@reference.com
293,Kearney,Denisard,kdenisard84@craigslist.org
294,Fredi,Keel,fkeel85@qq.com
295,Tab,Spanton,tspanton86@apple.com
296,Chick,Filchagin,cfilchagin87@cloudflare.com
297,Madonna,Thynne,mthynne88@ted.com
298,Lucita,Rippingall,lrippingall89@cdbaby.com
299,Carlota,Minette,cminette8a@smugmug.com
300,Jori,Pinch,jpinch8b@cdbaby.com
301,Theda,Kordovani,tkordovani8c@hao123.com
302,Joseph,Gatrell,jgatrell8d@fc2.com
303,Hallie,Beaman,hbeaman8e@kickstarter.com
304,Frieda,Durban,fdurban8f@example.com
305,Ashby,Vercruysse,avercruysse8g@sbwire.com
306,Ronica,Baggott,rbaggott8h@discovery.com
307,Cassey,Brabin,cbrabin8i@behance.net
308,Tiffi,Durden,tdurden8j@jiathis.com
309,Damon,Tonkinson,dtonkinson8k@usgs.gov
310,Laurianne,Santora,lsantora8l@privacy.gov.au
311,Zahara,Dallin,zdallin8m@uol.com.br
312,Fielding,Chatan,fchatan8n@cnbc.com
313,Ramona,Blankman,rblankman8o@plala.or.jp
314,Frances,Kirtland,fkirtland8p@360.cn
315,Audi,MacGinlay,amacginlay8q@soundcloud.com
316,Valina,Costi,vcosti8r@stumbleupon.com
317,Alfy,Whittlesee,awhittlesee8s@wunderground.com
318,Von,Lightewood,vlightewood8t@drupal.org
319,Malachi,Smallridge,msmallridge8u@istockphoto.com
320,Kenyon,Caulwell,kcaulwell8v@epa.gov
321,Carolyne,Morden,cmorden8w@usatoday.com
322,Mattias,Espinha,mespinha8x@typepad.com
323,Carroll,Chastney,cchastney8y@cafepress.com
324,Brett,Vynall,bvynall8z@linkedin.com
325,Floyd,Petru,fpetru90@topsy.com
326,Olivia,Bothwell,obothwell91@bbb.org
327,Rozamond,Giorgi,rgiorgi92@webmd.com
328,Marlyn,Leverton,mleverton93@apache.org
329,Rickert,Witherby,rwitherby94@dedecms.com
330,Farlie,Housbie,fhousbie95@microsoft.com
331,Shannah,Lambol,slambol96@marriott.com
332,Morgana,Cuppitt,mcuppitt97@google.nl
333,Lane,Wixon,lwixon98@netlog.com
334,Cody,Muzzall,cmuzzall99@state.gov
335,Rebekah,Geeson,rgeeson9a@reverbnation.com
336,Katlin,Haddick,khaddick9b@ebay.com
337,Sandi,Fuge,sfuge9c@dot.gov
338,Weston,Champken,wchampken9d@tmall.com
339,Ardyth,Screwton,ascrewton9e@va.gov
340,Ly,Holyard,lholyard9f@nytimes.com
341,Papagena,Dottridge,pdottridge9g@pinterest.com
342,Matthieu,Coopland,mcoopland9h@sciencedirect.com
343,Trumann,Tizard,ttizard9i@stanford.edu
344,April,Powner,apowner9j@buzzfeed.com
345,Massimiliano,Jedrzej,mjedrzej9k@dot.gov
346,Freddy,McLean,fmclean9l@cam.ac.uk
347,Gabriele,Bow,gbow9m@netvibes.com
348,Ray,Tiron,rtiron9n@ycombinator.com
349,Emmalynne,Chaytor,echaytor9o@fc2.com
350,Jeni,Dreng,jdreng9p@opera.com
351,Brad,Hamilton,bhamilton9q@nydailynews.com
352,Consuelo,Lilford,clilford9r@theglobeandmail.com
353,Oswald,Davisson,odavisson9s@google.it
354,Rafa,Johncey,rjohncey9t@phpbb.com
355,Gabey,Goad,ggoad9u@ebay.com
356,Randy,Biggar,rbiggar9v@netvibes.com
357,Ebony,Merck,emerck9w@accuweather.com
358,Adelina,Reubbens,areubbens9x@webeden.co.uk
359,Brigitte,Colleer,bcolleer9y@pbs.org
360,Caria,Dreng,cdreng9z@barnesandnoble.com
361,Marice,de Wilde,mdewildea0@chronoengine.com
362,Corabel,Curnucke,ccurnuckea1@sfgate.com
363,Staford,Orridge,sorridgea2@yellowbook.com
364,Demetre,Barden,dbardena3@skype.com
365,Maryjane,Dumbrill,mdumbrilla4@washington.edu
366,Fons,Hastings,fhastingsa5@yahoo.co.jp
367,Horatius,Le Marchant,hlemarchanta6@pen.io
368,Annabal,Gleadhall,agleadhalla7@dropbox.com
369,Gabriellia,Dat,gdata8@google.co.uk
370,Olly,Atkins,oatkinsa9@symantec.com
371,Thurstan,Stedall,tstedallaa@digg.com
372,Louisa,Lethardy,llethardyab@yelp.com
373,Tawsha,Rives,trivesac@google.ru
374,Dorothy,Narup,dnarupad@istockphoto.com
375,Lilia,Attryde,lattrydeae@altervista.org
376,Georgie,Pitkaithly,gpitkaithlyaf@instagram.com
377,Kale,Lionel,klionelag@eepurl.com
378,Jodie,Mustill,jmustillah@histats.com
379,Brodie,Rings,bringsai@ucla.edu
380,Trace,Pasley,tpasleyaj@forbes.com
381,Micaela,Sallans,msallansak@fc2.com
382,Clyve,Peabody,cpeabodyal@hc360.com
383,Bernita,Marquand,bmarquandam@moonfruit.com
384,Rivkah,Avent,raventan@microsoft.com
385,Jonis,Le Surf,jlesurfao@sciencedaily.com
386,Trish,Smerdon,tsmerdonap@51.la
387,Wilmar,Frentz,wfrentzaq@linkedin.com
388,Patten,Gammet,pgammetar@edublogs.org
389,Trumaine,Quarles,tquarlesas@chronoengine.com
390,Maegan,Lean,mleanat@shinystat.com
391,Janos,Bambra,jbambraau@bigcartel.com
392,Martainn,Gulliford,mgullifordav@edublogs.org
393,Anastasia,Pessold,apessoldaw@quantcast.com
394,Rollin,Shatliff,rshatliffax@globo.com
395,Beth,Canadas,bcanadasay@dailymail.co.uk
396,Etta,Polglase,epolglaseaz@japanpost.jp
397,Tersina,Rimington,trimingtonb0@meetup.com
398,Mara,Lambis,mlambisb1@facebook.com
399,Omar,Jakoubec,ojakoubecb2@salon.com
400,Brinna,Gartin,bgartinb3@timesonline.co.uk
401,Angie,Leadbetter,aleadbetterb4@irs.gov
402,Jerrome,Roderighi,jroderighib5@wikia.com
403,Kalinda,Deville,kdevilleb6@google.ru
404,Darill,Eilhart,deilhartb7@google.com.br
405,Tyler,Whitnall,twhitnallb8@hostgator.com
406,Antony,Soulsby,asoulsbyb9@fastcompany.com
407,Theresa,Crutchfield,tcrutchfieldba@instagram.com
408,Ibrahim,Itter,iitterbb@gmpg.org
409,Dudley,Giametti,dgiamettibc@sciencedaily.com
410,Josiah,Giannini,jgianninibd@edublogs.org
411,Alyda,Greatham,agreathambe@ocn.ne.jp
412,Aldo,Caldecutt,acaldecuttbf@opensource.org
413,Chandal,Switland,cswitlandbg@google.co.jp
414,Franny,Antecki,fanteckibh@freewebs.com
415,Corine,Hacket,chacketbi@accuweather.com
416,Kirsti,MacCrosson,kmaccrossonbj@vk.com
417,Sisely,Botterill,sbotterillbk@last.fm
418,Ronnie,Rowberry,rrowberrybl@taobao.com
419,Lorenzo,Bennington,lbenningtonbm@weather.com
420,Jillian,Crepin,jcrepinbn@slideshare.net
421,Ilka,Renwick,irenwickbo@booking.com
422,Dasie,Kabsch,dkabschbp@washingtonpost.com
423,Lida,Joyner,ljoynerbq@sciencedirect.com
424,Janelle,Brudenell,jbrudenellbr@examiner.com
425,Mahalia,Daveley,mdaveleybs@answers.com
426,Bernardina,Wannell,bwannellbt@google.fr
427,Braden,Sissel,bsisselbu@amazonaws.com
428,Dominique,Olivetti,dolivettibv@sakura.ne.jp
429,Kirsten,Shadfourth,kshadfourthbw@prweb.com
430,Noelyn,Matveichev,nmatveichevbx@g.co
431,Harald,Graffham,hgraffhamby@godaddy.com
432,Obadiah,Rawstorne,orawstornebz@usatoday.com
433,Sheree,Putten,sputtenc0@hubpages.com
434,Ive,Hankey,ihankeyc1@toplist.cz
435,Yasmeen,Coggin,ycogginc2@bravesites.com
436,Jilleen,Treadgear,jtreadgearc3@newsvine.com
437,Allis,Werrilow,awerrilowc4@reference.com
438,Orsola,Perrelli,operrellic5@gizmodo.com
439,Lazar,Filipponi,lfilipponic6@columbia.edu
440,Leroy,Duker,ldukerc7@hud.gov
441,Neil,York,nyorkc8@mayoclinic.com
442,Arvy,Eisold,aeisoldc9@patch.com
443,Licha,Doman,ldomanca@google.co.jp
444,Juliane,Conningham,jconninghamcb@opensource.org
445,Ninon,Sallier,nsalliercc@google.co.uk
446,Irvin,Gadault,igadaultcd@cloudflare.com
447,Felicio,Greenier,fgreenierce@infoseek.co.jp
448,Simona,Pren,sprencf@php.net
449,Cull,Longden,clongdencg@lycos.com
450,Hildegarde,Ibbott,hibbottch@nymag.com
451,Zorina,Bogeys,zbogeysci@spiegel.de
452,Mortie,Leupoldt,mleupoldtcj@thetimes.co.uk
453,Ilka,Watchorn,iwatchornck@economist.com
454,Babbette,Whitty,bwhittycl@usnews.com
455,Dori,Wardhaugh,dwardhaughcm@nsw.gov.au
456,Genovera,Sporrij,gsporrijcn@odnoklassniki.ru
457,Nahum,Dutteridge,ndutteridgeco@ovh.net
458,Camilla,Blazewicz,cblazewiczcp@go.com
459,Yancy,Luciano,ylucianocq@360.cn
460,Carlo,Wermerling,cwermerlingcr@photobucket.com
461,Kerk,Saill,ksaillcs@aboutads.info
462,Jenine,Pedel,jpedelct@studiopress.com
463,Wainwright,Axleby,waxlebycu@bizjournals.com
464,Mariann,Richt,mrichtcv@ebay.co.uk
465,Bettye,Duffyn,bduffyncw@csmonitor.com
466,Herschel,Winny,hwinnycx@youku.com
467,Gan,Quarrington,gquarringtoncy@pen.io
468,Wernher,Jager,wjagercz@ebay.com
469,Burnaby,Farleigh,bfarleighd0@ihg.com
470,Colin,Handyside,chandysided1@ask.com
471,Stacy,Spring,sspringd2@miibeian.gov.cn
472,Rea,Sproat,rsproatd3@craigslist.org
473,Briney,Thunder,bthunderd4@soundcloud.com
474,Brien,Phebee,bphebeed5@typepad.com
475,Oby,Oxborrow,ooxborrowd6@de.vu
476,Gerri,Bowshire,gbowshired7@dedecms.com
477,Lev,Dericot,ldericotd8@zimbio.com
478,Dael,Fibbens,dfibbensd9@tumblr.com
479,Karlotte,Stonman,kstonmanda@histats.com
480,Fianna,Tomaszczyk,ftomaszczykdb@soundcloud.com
481,Ellissa,Franceschelli,efranceschellidc@twitpic.com
482,Corene,Calvert,ccalvertdd@dagondesign.com
483,Yance,Terbruggen,yterbruggende@myspace.com
484,Eugen,Tollit,etollitdf@yelp.com
485,Minnaminnie,Gentry,mgentrydg@ibm.com
486,Rabbi,Pauly,rpaulydh@census.gov
487,Brittaney,Barcroft,bbarcroftdi@china.com.cn
488,Jorge,Hargrave,jhargravedj@cloudflare.com
489,Morgan,Aggis,maggisdk@vimeo.com
490,Johann,McReynolds,jmcreynoldsdl@ca.gov
491,Demetrius,Delahunty,ddelahuntydm@pen.io
492,Kakalina,Ausello,kausellodn@baidu.com
493,Sal,Kimm,skimmdo@deliciousdays.com
494,Shelagh,Dalziel,sdalzieldp@techcrunch.com
495,Brocky,Lundberg,blundbergdq@nih.gov
496,Lowe,Fraschetti,lfraschettidr@1und1.de
497,Lindsy,Skirrow,lskirrowds@hubpages.com
498,Herrick,Coursor,hcoursordt@e-recht24.de
499,Karlan,Pyatt,kpyattdu@time.com
500,Killie,Bullman,kbullmandv@purevolume.com
501,Emory,Dowbiggin,edowbiggindw@blogger.com
502,Orly,Lillecrap,olillecrapdx@wiley.com
503,Kalindi,Shrigley,kshrigleydy@blogger.com
504,Zsazsa,Muzzullo,zmuzzullodz@ameblo.jp
505,Tamqrah,Coveney,tcoveneye0@meetup.com
506,Ruthie,Kitchinghan,rkitchinghane1@csmonitor.com
507,Fredrick,Paula,fpaulae2@freewebs.com
508,Giorgio,Phipps,gphippse3@sohu.com
509,Benoite,Peller,bpellere4@state.tx.us
510,Rhoda,Blabey,rblabeye5@latimes.com
511,Courtney,Keers,ckeerse6@usatoday.com
512,Randy,Spollen,rspollene7@a8.net
513,Haven,Horick,hhoricke8@si.edu
514,Alec,Folbige,afolbigee9@telegraph.co.uk
515,Sherye,Isted,sistedea@ed.gov
516,Lottie,Bragginton,lbraggintoneb@nydailynews.com
517,Jourdain,Atyeo,jatyeoec@time.com
518,Hersch,Granleese,hgranleeseed@nyu.edu
519,Sondra,Chilcotte,schilcotteee@omniture.com
520,Noelyn,Bertram,nbertramef@pinterest.com
521,Lindsey,Matteoli,lmatteolieg@cpanel.net
522,Aguie,Gueste,aguesteeh@goodreads.com
523,Corette,Kibbee,ckibbeeei@wp.com
524,Flin,Howieson,fhowiesonej@tiny.cc
525,Darwin,Beltzner,dbeltznerek@prnewswire.com
526,Corella,Atchly,catchlyel@tripadvisor.com
527,Darrin,Canlin,dcanlinem@slideshare.net
528,Brunhilde,Strasse,bstrasseen@intel.com
529,Aggi,Reddish,areddisheo@ustream.tv
530,Ally,Stimpson,astimpsonep@51.la
531,Alvina,Muress,amuresseq@ox.ac.uk
532,Leila,Camoletto,lcamolettoer@cbc.ca
533,Katha,Cornell,kcornelles@amazon.com
534,Gweneth,Roddan,groddanet@fotki.com
535,Fredrick,Dorbin,fdorbineu@reddit.com
536,Augustine,McPhelimy,amcphelimyev@barnesandnoble.com
537,Sarena,Beldham,sbeldhamew@google.co.jp
538,Clim,Leedal,cleedalex@discuz.net
539,Ginni,Perrett,gperrettey@de.vu
540,Jedidiah,Tomaello,jtomaelloez@yolasite.com
541,Frasquito,Fantin,ffantinf0@cbslocal.com
542,Bernete,Cordner,bcordnerf1@mtv.com
543,Ashlin,Major,amajorf2@netvibes.com
544,Reynold,Trewett,rtrewettf3@wikispaces.com
545,Rosalie,Densun,rdensunf4@elegantthemes.com
546,Jackquelin,Rowly,jrowlyf5@quantcast.com
547,Mariejeanne,Cholerton,mcholertonf6@list-manage.com
548,Danice,O'Cooney,docooneyf7@ifeng.com
549,Natty,Ivanchikov,nivanchikovf8@fastcompany.com
550,Angel,France,afrancef9@so-net.ne.jp
551,Anastassia,Baylis,abaylisfa@jugem.jp
552,Valle,Bottomer,vbottomerfb@cpanel.net
553,Zach,Baudry,zbaudryfc@wufoo.com
554,Demetris,Kettell,dkettellfd@4shared.com
555,Iggy,Slack,islackfe@thetimes.co.uk
556,Felix,MacLucais,fmaclucaisff@sitemeter.com
557,Peyton,Roostan,proostanfg@tumblr.com
558,Rachael,McElrea,rmcelreafh@stumbleupon.com
559,Ana,Jandak,ajandakfi@salon.com
560,Margret,Persicke,mpersickefj@amazon.com
561,Jazmin,Vines,jvinesfk@psu.edu
562,Tamar,Habbergham,thabberghamfl@oakley.com
563,Lorine,Fishley,lfishleyfm@1und1.de
564,Paula,Harrell,pharrellfn@illinois.edu
565,Sybil,Pogson,spogsonfo@symantec.com
566,Marice,Bakeup,mbakeupfp@kickstarter.com
567,Harlin,Bound,hboundfq@nih.gov
568,Ardenia,Dyter,adyterfr@over-blog.com
569,Pasquale,Halbeard,phalbeardfs@utexas.edu
570,Enid,Dillicate,edillicateft@alibaba.com
571,Carmella,Lawther,clawtherfu@psu.edu
572,Charla,Bernadot,cbernadotfv@ed.gov
573,Gerta,Ciccone,gcicconefw@sakura.ne.jp
574,Radcliffe,Leven,rlevenfx@kickstarter.com
575,Wolfgang,Sudron,wsudronfy@51.la
576,Denys,Dorrian,ddorrianfz@angelfire.com
577,Hildagarde,Learmonth,hlearmonthg0@rambler.ru
578,Flynn,Lesek,flesekg1@archive.org
579,Annelise,Pardoe,apardoeg2@sogou.com
580,Conan,Tegeller,ctegellerg3@comsenz.com
581,Skip,Kneafsey,skneafseyg4@etsy.com
582,Zacharias,Goldman,zgoldmang5@blogspot.com
583,Sibyl,Gosker,sgoskerg6@msu.edu
584,Carma,Carabine,ccarabineg7@wufoo.com
585,Gothart,Pursey,gpurseyg8@merriam-webster.com
586,Madalena,Busch,mbuschg9@taobao.com
587,Ilyse,Duckering,iduckeringga@timesonline.co.uk
588,Abigale,Grigaut,agrigautgb@last.fm
589,Haze,Sibbert,hsibbertgc@hostgator.com
590,Garwood,Stanbury,gstanburygd@cam.ac.uk
591,Davina,Ullock,dullockge@list-manage.com
592,Shanna,Lednor,slednorgf@deliciousdays.com
593,Jasmine,Sponder,jspondergg@blog.com
594,Roldan,Ackland,racklandgh@xing.com
595,Jacynth,Beahan,jbeahangi@rediff.com
596,Stu,Weond,sweondgj@dell.com
597,Gunner,McCallister,gmccallistergk@ft.com
598,Katerina,Rosengart,krosengartgl@cnet.com
599,Lazar,Stansbury,lstansburygm@state.tx.us
600,Elga,St Quenin,estqueningn@illinois.edu
601,Samara,Cortez,scortezgo@t.co
602,Truman,Heppenspall,theppenspallgp@sogou.com
603,Fanchette,Burnell,fburnellgq@princeton.edu
604,Giordano,Purcell,gpurcellgr@spotify.com
605,Augustine,Atwater,aatwatergs@abc.net.au
606,Samson,Humblestone,shumblestonegt@weather.com
607,Livvie,Janecek,ljanecekgu@soup.io
608,Hermy,Bolduc,hbolducgv@sfgate.com
609,Tierney,Oselton,toseltongw@netvibes.com
610,Johnathan,Wilshaw,jwilshawgx@quantcast.com
611,Cortney,Zaniolini,czaniolinigy@homestead.com
612,Jazmin,Marcham,jmarchamgz@macromedia.com
613,Sandi,Pinsent,spinsenth0@unc.edu
614,Chad,Hufton,chuftonh1@slate.com
615,Pierre,Looks,plooksh2@globo.com
616,Con,O'Scollee,coscolleeh3@histats.com
617,Lesley,Michelotti,lmichelottih4@rambler.ru
618,Sidoney,Catcheside,scatchesideh5@java.com
619,Ceil,Cersey,ccerseyh6@liveinternet.ru
620,Angelia,Fortesquieu,afortesquieuh7@samsung.com
621,Alvina,Latour,alatourh8@globo.com
622,Blanca,Garlick,bgarlickh9@un.org
623,May,Shobbrook,mshobbrookha@timesonline.co.uk
624,Lelia,Binch,lbinchhb@hc360.com
625,Vachel,Sidaway,vsidawayhc@nydailynews.com
626,Tommie,Fossick,tfossickhd@hugedomains.com
627,Nedi,Vassano,nvassanohe@google.cn
628,Phil,McCleod,pmccleodhf@phoca.cz
629,Brodie,Bertlin,bbertlinhg@stumbleupon.com
630,Nealon,Solland,nsollandhh@marketwatch.com
631,Scotti,Chippin,schippinhi@yolasite.com
632,Mano,Beere,mbeerehj@cbslocal.com
633,Natal,Lamyman,nlamymanhk@msu.edu
634,Margot,Peddar,mpeddarhl@cloudflare.com
635,Barron,Owain,bowainhm@squidoo.com
636,Nesta,Blankett,nblanketthn@amazon.de
637,Sianna,Leah,sleahho@vimeo.com
638,Drusilla,Manzell,dmanzellhp@theatlantic.com
639,Chery,Bon,cbonhq@nsw.gov.au
640,Micah,Riddlesden,mriddlesdenhr@discovery.com
641,Saunderson,Thurman,sthurmanhs@shinystat.com
642,Amitie,Cockland,acocklandht@godaddy.com
643,Claresta,Gainfort,cgainforthu@scientificamerican.com
644,Felike,Guest,fguesthv@freewebs.com
645,Winston,Knevett,wknevetthw@baidu.com
646,Jerry,Guilayn,jguilaynhx@canalblog.com
647,Renae,Leavesley,rleavesleyhy@alibaba.com
648,Warde,Dwyer,wdwyerhz@ycombinator.com
649,Feodor,Gabotti,fgabottii0@dot.gov
650,Raleigh,Leathes,rleathesi1@cnet.com
651,Murdock,Attac,mattaci2@scribd.com
652,Hilary,Bozworth,hbozworthi3@twitpic.com
653,Elihu,New,enewi4@smugmug.com
654,Corny,Witten,cwitteni5@alibaba.com
655,Jennifer,Barlass,jbarlassi6@usgs.gov
656,Fredric,Le Surf,flesurfi7@slideshare.net
657,Aridatha,Janovsky,ajanovskyi8@webnode.com
658,Paolina,Smickle,psmicklei9@time.com
659,Mireille,Meaking,mmeakingia@house.gov
660,Mace,Hutten,mhuttenib@ucoz.com
661,Son,Marshman,smarshmanic@xing.com
662,Kaitlyn,Toms,ktomsid@geocities.com
663,Gorden,Capell,gcapellie@mtv.com
664,Beryl,Coast,bcoastif@ocn.ne.jp
665,Marian,Pohls,mpohlsig@360.cn
666,Sarge,McGeachey,smcgeacheyih@shareasale.com
667,Lane,Simmonds,lsimmondsii@microsoft.com
668,Alexis,Zimek,azimekij@deviantart.com
669,Davina,Arnold,darnoldik@cafepress.com
670,Corri,Mauditt,cmaudittil@comcast.net
671,Abbey,Hew,ahewim@utexas.edu
672,Leland,Lennarde,llennardein@pcworld.com
673,Madella,Vittore,mvittoreio@time.com
674,Morgan,Brainsby,mbrainsbyip@ca.gov
675,Dar,Matz,dmatziq@angelfire.com
676,Curran,Khosa,ckhosair@google.ca
677,Malvin,Okenfold,mokenfoldis@skyrock.com
678,Gertrude,Marlow,gmarlowit@umich.edu
679,Addie,Stribling,astriblingiu@amazon.co.uk
680,Coreen,Lepick,clepickiv@friendfeed.com
681,Kermit,MacGuffie,kmacguffieiw@parallels.com
682,Lothario,Beckford,lbeckfordix@ow.ly
683,Case,Heading,cheadingiy@nationalgeographic.com
684,Lauritz,Frany,lfranyiz@4shared.com
685,Claudell,Sandall,csandallj0@stumbleupon.com
686,Randee,Rallin,rrallinj1@about.me
687,Jeddy,Pitkaithly,jpitkaithlyj2@github.com
688,Gerald,Polon,gpolonj3@tmall.com
689,Reggie,Rhys,rrhysj4@yahoo.com
690,Bonnibelle,Francois,bfrancoisj5@twitpic.com
691,Luis,Keady,lkeadyj6@merriam-webster.com
692,Orel,Blakelock,oblakelockj7@squarespace.com
693,Aubry,White,awhitej8@nsw.gov.au
694,Sylvia,Ferie,sferiej9@irs.gov
695,Imelda,Petersen,ipetersenja@cdbaby.com
696,Bendite,Ramplee,brampleejb@home.pl
697,Josephina,Trevear,jtrevearjc@people.com.cn
698,Lorilyn,Skeldinge,lskeldingejd@si.edu
699,Brodie,Markovic,bmarkovicje@gnu.org
700,Nannette,Blackmoor,nblackmoorjf@slashdot.org
701,Dede,Leghorn,dleghornjg@nationalgeographic.com
702,Moselle,Negus,mnegusjh@ask.com
703,Johannes,Shuttlewood,jshuttlewoodji@deliciousdays.com
704,Chastity,Kendal,ckendaljj@reverbnation.com
705,Crystie,Fergusson,cfergussonjk@woothemes.com
706,Maddie,Halsworth,mhalsworthjl@uiuc.edu
707,Adah,Postians,apostiansjm@blogspot.com
708,Ansell,Spain-Gower,aspaingowerjn@xrea.com
709,Nicola,Castelot,ncastelotjo@infoseek.co.jp
710,Maure,Catterick,mcatterickjp@networksolutions.com
711,Lotti,Offin,loffinjq@nyu.edu
712,Filbert,Pratty,fprattyjr@umn.edu
713,Robinson,Truder,rtruderjs@about.com
714,Mareah,Gircke,mgirckejt@vinaora.com
715,Marnie,Rosone,mrosoneju@sciencedaily.com
716,Bettine,Brunsdon,bbrunsdonjv@apache.org
717,Palmer,Musto,pmustojw@example.com
718,Vinnie,McGlashan,vmcglashanjx@slate.com
719,Hercules,Budnk,hbudnkjy@washington.edu
720,Minni,Lindwasser,mlindwasserjz@patch.com
721,Evanne,Haigh,ehaighk0@mtv.com
722,Rubin,Jeafferson,rjeaffersonk1@noaa.gov
723,Galvan,Ollier,gollierk2@51.la
724,Deana,Divis,ddivisk3@amazonaws.com
725,Gretna,Phair,gphairk4@economist.com
726,Ardyth,Sandels,asandelsk5@nhs.uk
727,Silvana,Fancott,sfancottk6@cloudflare.com
728,Antonia,O'Crevan,aocrevank7@bandcamp.com
729,Patrica,Lassetter,plassetterk8@springer.com
730,Mollie,Mousby,mmousbyk9@sourceforge.net
731,Yorke,Pope,ypopeka@php.net
732,Rodrigo,Childers,rchilderskb@ebay.com
733,Diannne,Going,dgoingkc@un.org
734,Ardelia,Emanuelli,aemanuellikd@theglobeandmail.com
735,Ashlan,Raatz,araatzke@vkontakte.ru
736,Nola,Bowhay,nbowhaykf@soundcloud.com
737,Hamnet,Mawman,hmawmankg@cisco.com
738,Melody,Coat,mcoatkh@elpais.com
739,Anny,Davet,adavetki@ft.com
740,Delmore,Moreman,dmoremankj@japanpost.jp
741,Lannie,Hendrich,lhendrichkk@4shared.com
742,Michal,Urling,murlingkl@aol.com
743,Taddeusz,Goodier,tgoodierkm@sciencedaily.com
744,Kelvin,Stendell,kstendellkn@arizona.edu
745,Talyah,Beamish,tbeamishko@blogs.com
746,Royall,Selvester,rselvesterkp@cbsnews.com
747,Raeann,Gremain,rgremainkq@psu.edu
748,Else,Teather,eteatherkr@webs.com
749,Merrick,Mottley,mmottleyks@google.co.uk
750,Theodore,Norvell,tnorvellkt@quantcast.com
751,Audrie,Huxtable,ahuxtableku@apache.org
752,Kurtis,Karby,kkarbykv@washingtonpost.com
753,Kerrie,Draude,kdraudekw@newsvine.com
754,Lillian,Furlonge,lfurlongekx@narod.ru
755,Nappie,Nodes,nnodesky@microsoft.com
756,Cesare,Clouston,ccloustonkz@a8.net
757,Brigit,Cash,bcashl0@rakuten.co.jp
758,Brana,Patemore,bpatemorel1@senate.gov
759,Willie,Lilloe,wlilloel2@bloglovin.com
760,Madalyn,Laxson,mlaxsonl3@last.fm
761,Wells,Stelfax,wstelfaxl4@constantcontact.com
762,Alyss,Bortolotti,abortolottil5@feedburner.com
763,Rolf,Loddon,rloddonl6@army.mil
764,Jeralee,Chaplin,jchaplinl7@discovery.com
765,Boris,Sans,bsansl8@latimes.com
766,Maible,Avraam,mavraaml9@cocolog-nifty.com
767,Althea,Talloe,atalloela@umich.edu
768,Willie,Aslam,waslamlb@last.fm
769,Lyn,Placido,lplacidolc@printfriendly.com
770,Rosy,Fibbens,rfibbensld@jigsy.com
771,Orv,Gaywood,ogaywoodle@sohu.com
772,Brandais,Wherrit,bwherritlf@simplemachines.org
773,Randene,Hartigan,rhartiganlg@cloudflare.com
774,Angie,Cleeton,acleetonlh@squidoo.com
775,Debbie,Atwood,datwoodli@google.fr
776,Netty,De Morena,ndemorenalj@jugem.jp
777,Damaris,Jerdein,djerdeinlk@youku.com
778,Lovell,Swane,lswanell@newyorker.com
779,Merrick,Teaz,mteazlm@springer.com
780,Wendell,Swaddle,wswaddleln@hugedomains.com
781,Mordy,Karslake,mkarslakelo@ehow.com
782,Husain,Sargent,hsargentlp@google.de
783,Tris,Longmead,tlongmeadlq@oracle.com
784,Wilden,Arthy,warthylr@etsy.com
785,Janenna,Mosedale,jmosedalels@va.gov
786,Prudy,Kobiera,pkobieralt@ox.ac.uk
787,Franny,Benedtti,fbenedttilu@dedecms.com
788,Debbie,Carlone,dcarlonelv@devhub.com
789,Glory,Eliez,geliezlw@redcross.org
790,Sarajane,Cavie,scavielx@nhs.uk
791,Nannette,Lovatt,nlovattly@wikia.com
792,Olwen,Minto,omintolz@wordpress.com
793,Anissa,Maliphant,amaliphantm0@ucoz.ru
794,Marshal,Fullilove,mfullilovem1@ibm.com
795,Jarad,Pevie,jpeviem2@about.me
796,Perren,Pattle,ppattlem3@ycombinator.com
797,Sauveur,Philipard,sphilipardm4@microsoft.com
798,Mechelle,Liversley,mliversleym5@livejournal.com
799,Codi,MacLennan,cmaclennanm6@utexas.edu
800,Fran,Elsey,felseym7@liveinternet.ru
801,Arabelle,Serris,aserrism8@pcworld.com
802,Kingsley,McGaugey,kmcgaugeym9@twitpic.com
803,Myrvyn,O'Brien,mobrienma@cargocollective.com
804,Jenine,Freiburger,jfreiburgermb@t.co
805,Heddie,Czajkowska,hczajkowskamc@multiply.com
806,Terri,Sollime,tsollimemd@ucoz.ru
807,Toby,Trenoweth,ttrenowethme@dmoz.org
808,Jenifer,Binford,jbinfordmf@apache.org
809,Reube,McGeown,rmcgeownmg@163.com
810,Care,Jeacop,cjeacopmh@patch.com
811,Tabbatha,Springall,tspringallmi@cnbc.com
812,Genevra,Kimberley,gkimberleymj@dailymail.co.uk
813,Aymer,Twittey,atwitteymk@fda.gov
814,Celisse,Burton,cburtonml@businessinsider.com
815,Doro,Benediktovich,dbenediktovichmm@behance.net
816,Chris,Mompesson,cmompessonmn@bravesites.com
817,Aryn,Boothman,aboothmanmo@github.io
818,Emera,Tungate,etungatemp@1und1.de
819,Travis,Cunde,tcundemq@accuweather.com
820,Fulton,Haggerwood,fhaggerwoodmr@histats.com
821,Mariele,Hearnden,mhearndenms@gnu.org
822,Joshia,Frayn,jfraynmt@pen.io
823,Trudey,Livesay,tlivesaymu@census.gov
824,Tara,Mauchlen,tmauchlenmv@mediafire.com
825,Anna-diana,Gravet,agravetmw@posterous.com
826,Callida,Stathers,cstathersmx@topsy.com
827,Brant,Meiner,bmeinermy@google.com.au
828,Linda,Fernao,lfernaomz@omniture.com
829,Tami,Falconer,tfalconern0@macromedia.com
830,Iggy,Pitbladdo,ipitbladdon1@google.co.uk
831,Hettie,Keat,hkeatn2@blogs.com
832,Pierrette,Dogg,pdoggn3@aboutads.info
833,Catharine,Estable,cestablen4@hubpages.com
834,Sharona,Muffitt,smuffittn5@techcrunch.com
835,Merrill,Malham,mmalhamn6@cloudflare.com
836,Hastie,Merton,hmertonn7@yelp.com
837,Joelly,Joerning,jjoerningn8@behance.net
838,Zorina,Fillan,zfillann9@google.com
839,Scarface,Paddie,spaddiena@reverbnation.com
840,Pieter,Castaneda,pcastanedanb@tmall.com
841,Viviyan,Dubery,vduberync@t.co
842,Nicolea,Grinsted,ngrinstednd@adobe.com
843,Patrice,Bolmann,pbolmannne@alibaba.com
844,Guthrie,Wickardt,gwickardtnf@arstechnica.com
845,Consuela,Scutchings,cscutchingsng@unblog.fr
846,Constanta,Damiata,cdamiatanh@foxnews.com
847,Dame,Culpin,dculpinni@drupal.org
848,Ashien,Andrzejowski,aandrzejowskinj@usgs.gov
849,Robbert,Drane,rdranenk@cnet.com
850,Tatum,Tolworth,ttolworthnl@nsw.gov.au
851,Venus,Stalman,vstalmannm@homestead.com
852,Neel,Capes,ncapesnn@cbslocal.com
853,Jacquelyn,Kovelmann,jkovelmannno@dell.com
854,Moll,Gawler,mgawlernp@sciencedaily.com
855,Walsh,Whittle,wwhittlenq@dion.ne.jp
856,Fidela,Cofax,fcofaxnr@canalblog.com
857,Jacob,Rowley,jrowleyns@pcworld.com
858,Feliks,Hospital,fhospitalnt@miibeian.gov.cn
859,Hewett,Ansell,hansellnu@scientificamerican.com
860,Filbert,Twiname,ftwinamenv@wunderground.com
861,Dasya,Ilyas,dilyasnw@github.io
862,Johan,Marte,jmartenx@wordpress.org
863,Mallorie,Dobney,mdobneyny@narod.ru
864,Shannen,Druhan,sdruhannz@fema.gov
865,Car,Streak,cstreako0@free.fr
866,Bellina,Worsnop,bworsnopo1@flavors.me
867,Kory,Cheesworth,kcheeswortho2@webeden.co.uk
868,Pepe,Baroc,pbaroco3@harvard.edu
869,Conny,McKimmey,cmckimmeyo4@squidoo.com
870,Rozalin,Chataignier,rchataigniero5@usa.gov
871,Harbert,Densell,hdensello6@opera.com
872,Etty,Wadelin,ewadelino7@redcross.org
873,Jake,Durdle,jdurdleo8@sina.com.cn
874,Nonna,Garnson,ngarnsono9@dmoz.org
875,Bernelle,De Ambrosis,bdeambrosisoa@tmall.com
876,Larissa,Wasiela,lwasielaob@parallels.com
877,Travis,Bodocs,tbodocsoc@china.com.cn
878,Pierson,Hollebon,phollebonod@sciencedaily.com
879,Brande,Haet,bhaetoe@cyberchimps.com
880,Catarina,Plaxton,cplaxtonof@soundcloud.com
881,Falito,Humbee,fhumbeeog@jalbum.net
882,Fionna,Roser,froseroh@google.ru
883,Seumas,Domenc,sdomencoi@chicagotribune.com
884,Bettye,Mullender,bmullenderoj@paypal.com
885,Nicole,Ragdale,nragdaleok@nytimes.com
886,Maura,Lenard,mlenardol@booking.com
887,Emmett,Ferenc,eferencom@mysql.com
888,Caitlin,Innman,cinnmanon@creativecommons.org
889,Nonnah,Ferreo,nferreooo@google.ru
890,Celinda,Baudin,cbaudinop@reverbnation.com
891,Orelie,Jewel,ojeweloq@answers.com
892,Anna-diane,Preshaw,apreshawor@angelfire.com
893,Gunar,Keysel,gkeyselos@mapquest.com
894,Dalis,Abbate,dabbateot@devhub.com
895,Jacquelin,Impett,jimpettou@imdb.com
896,Emalia,Santoro,esantoroov@bloomberg.com
897,Rouvin,Bradick,rbradickow@ifeng.com
898,Reeta,Bilson,rbilsonox@delicious.com
899,Marcelle,August,maugustoy@lulu.com
900,Corbin,Fassbender,cfassbenderoz@timesonline.co.uk
901,Janelle,Beake,jbeakep0@abc.net.au
902,Koral,Evangelinos,kevangelinosp1@friendfeed.com
903,Bard,Corbishley,bcorbishleyp2@sogou.com
904,Broderic,Arundell,barundellp3@addtoany.com
905,Cornell,Patience,cpatiencep4@hatena.ne.jp
906,Sabrina,Stookes,sstookesp5@sbwire.com
907,Terrijo,Ackrill,tackrillp6@slashdot.org
908,Brandy,Akester,bakesterp7@drupal.org
909,Madelaine,Mulder,mmulderp8@columbia.edu
910,Moina,Delamaine,mdelamainep9@fda.gov
911,Fabian,Russen,frussenpa@chronoengine.com
912,Jocelyne,Prentice,jprenticepb@toplist.cz
913,Isidor,Labram,ilabrampc@booking.com
914,Bealle,Lynam,blynampd@github.com
915,Bryana,Sleany,bsleanype@ucoz.ru
916,Rebekah,Mellem,rmellempf@ucoz.com
917,Margarethe,De Vile,mdevilepg@thetimes.co.uk
918,Raf,Sisse,rsisseph@bandcamp.com
919,Cosme,Geane,cgeanepi@hexun.com
920,Rosabella,Hodges,rhodgespj@army.mil
921,Adriana,Attersoll,aattersollpk@blogtalkradio.com
922,Rosaleen,Lente,rlentepl@reference.com
923,Giustino,Wurst,gwurstpm@adobe.com
924,Ginger,Coatsworth,gcoatsworthpn@wordpress.com
925,Sandor,Renzini,srenzinipo@creativecommons.org
926,Rhodie,Risborough,rrisboroughpp@mtv.com
927,Cecil,Iacavone,ciacavonepq@amazon.co.jp
928,Winnah,Harrap,wharrappr@senate.gov
929,Joye,Snowdon,jsnowdonps@symantec.com
930,Adi,Sodeau,asodeaupt@bloomberg.com
931,Derrick,Pumfrett,dpumfrettpu@w3.org
932,Humfried,Buttress,hbuttresspv@cbc.ca
933,Aldridge,Gummer,agummerpw@php.net
934,Quinn,Tackley,qtackleypx@nydailynews.com
935,Kyle,Bonifazio,kbonifaziopy@comsenz.com
936,Elli,Shipman,eshipmanpz@so-net.ne.jp
937,Durward,Carcass,dcarcassq0@exblog.jp
938,Hermon,Kay,hkayq1@bigcartel.com
939,Maribel,Whopples,mwhopplesq2@businessweek.com
940,Melany,Stooders,mstoodersq3@omniture.com
941,Reuben,Bonome,rbonomeq4@sbwire.com
942,Marthena,Rainforth,mrainforthq5@amazon.de
943,Elias,Stroban,estrobanq6@scientificamerican.com
944,Forbes,Morrell,fmorrellq7@vistaprint.com
945,Gerrard,Gusney,ggusneyq8@wired.com
946,Molli,Lilburn,mlilburnq9@pbs.org
947,Em,Capelle,ecapelleqa@ibm.com
948,Kelsy,Keyte,kkeyteqb@dailymotion.com
949,Mollee,de Clerk,mdeclerkqc@businessinsider.com
950,Sandra,Perkis,sperkisqd@ifeng.com
951,Kliment,Munden,kmundenqe@odnoklassniki.ru
952,Duff,Kibbye,dkibbyeqf@scribd.com
953,Kirbie,Calladine,kcalladineqg@qq.com
954,Palm,Merrington,pmerringtonqh@simplemachines.org
955,Mariya,Lemmertz,mlemmertzqi@yandex.ru
956,Griffith,Maude,gmaudeqj@discuz.net
957,Kurtis,Denial,kdenialqk@meetup.com
958,Ofilia,Tourmell,otourmellql@ox.ac.uk
959,Merola,Groves,mgrovesqm@chronoengine.com
960,Myriam,Zanioletti,mzaniolettiqn@biblegateway.com
961,Kaela,Rooksby,krooksbyqo@wunderground.com
962,Roslyn,Tracy,rtracyqp@163.com
963,Arabelle,Caress,acaressqq@sbwire.com
964,Katey,Dunnett,kdunnettqr@uol.com.br
965,Brenden,Plose,bploseqs@meetup.com
966,Kendrick,Snasdell,ksnasdellqt@shutterfly.com
967,Martina,Bratch,mbratchqu@upenn.edu
968,Enrika,De Vries,edevriesqv@phpbb.com
969,Gardy,Vlasyuk,gvlasyukqw@squidoo.com
970,Vinnie,Furby,vfurbyqx@storify.com
971,Shayna,Flacknell,sflacknellqy@barnesandnoble.com
972,Franky,Muddimer,fmuddimerqz@epa.gov
973,Tallie,Habard,thabardr0@woothemes.com
974,Danyelle,Frayling,dfraylingr1@redcross.org
975,Avril,Casa,acasar2@ucoz.ru
976,Barris,Guthrum,bguthrumr3@weibo.com
977,Merrielle,Blagburn,mblagburnr4@behance.net
978,Kiersten,Wick,kwickr5@rediff.com
979,Gus,Elgee,gelgeer6@i2i.jp
980,Clary,Edlyne,cedlyner7@icq.com
981,Charmion,Burgise,cburgiser8@rediff.com
982,Dorotea,Fritchley,dfritchleyr9@chronoengine.com
983,Alasdair,Nottingham,anottinghamra@ebay.co.uk
984,Martelle,Cruddas,mcruddasrb@chicagotribune.com
985,Lurette,Kynan,lkynanrc@gravatar.com
986,Gabey,Ebdin,gebdinrd@livejournal.com
987,Thomasin,Lamartine,tlamartinere@dot.gov
988,Alverta,Stanner,astannerrf@webnode.com
989,Olivier,Caren,ocarenrg@myspace.com
990,Mame,Higford,mhigfordrh@xing.com
991,Richy,McAdam,rmcadamri@wikipedia.org
992,Emlen,Telling,etellingrj@wikia.com
993,Robert,Friar,rfriarrk@yahoo.co.jp
994,Iorgo,Hubbucks,ihubbucksrl@marketwatch.com
995,Ward,Carle,wcarlerm@webmd.com
996,Ancell,Channon,achannonrn@csmonitor.com
997,Matti,Serrels,mserrelsro@apple.com
998,Bary,Suggitt,bsuggittrp@twitter.com
999,Shir,McLay,smclayrq@deliciousdays.com
1000,Stanton,Fortye,sfortyerr@gizmodo.com
